{
  "alabama": {
    "count": 6,
    "average_seconds": 21.812544933326233
  },
  "arkansas": {
    "count": 30,
    "average_seconds": 0.693533309987591
  },
  "california": {
    "count": 18,
    "average_seconds": 12.640040061113218
  },
  "colorado": {
    "count": 9,
    "average_seconds": 13.82318169997436
  },
  "connecticut": {
    "count": 5,
    "average_seconds": 3.8653337799478322
  },
  "delaware": {
    "count": 4,
    "average_seconds": 11.324429674976273
  },
  "illinois": {
    "count": 4,
    "average_seconds": 42.328289199998835
  },
  "maryland": {
    "count": 4,
    "average_seconds": 36.29846912503126
  },
  "nebraska": {
    "count": 4,
    "average_seconds": 0.8490847999928519
  },
  "rhode island": {
    "count": 4,
    "average_seconds": 1.3248233999765944
  },
  "south dakota": {
    "count": 4,
    "average_seconds": 1.0329762999608647
  },
  "utah": {
    "count": 8,
    "average_seconds": 0.4689025874831714
  },
  "wyoming": {
    "count": 4,
    "average_seconds": 7.077183424989926
  },
  "arizona": {
    "count": 20,
    "average_seconds": 2.84451864498551
  },
  "maine": {
    "count": 4,
    "average_seconds": 0.5683521249738988
  },
  "oregon": {
    "count": 7,
    "average_seconds": 37.28610309998372
  },
  "district of columbia": {
    "count": 7,
    "average_seconds": 16.541803785716183
  },
  "florida": {
    "count": 5,
    "average_seconds": 0.9942729000002146
  },
  "georgia": {
    "count": 5,
    "average_seconds": 1.9275260400027037
  },
  "hawaii": {
    "count": 3,
    "average_seconds": 38.51203256666971
  },
  "iowa": {
    "count": 3,
    "average_seconds": 0.34251186666854966
  },
  "idaho": {
    "count": 3,
    "average_seconds": 10.55090563336853
  },
  "indiana": {
    "count": 4,
    "average_seconds": 10.265145025012316
  },
  "kansas": {
    "count": 4,
    "average_seconds": 8.215023774973815
  },
  "kentucky": {
    "count": 3,
    "average_seconds": 15.117304900001423
  },
  "louisiana": {
    "count": 3,
    "average_seconds": 14.79384883334084
  },
  "massachusetts": {
    "count": 3,
    "average_seconds": 40.52049530002599
  },
  "michigan": {
    "count": 3,
    "average_seconds": 18.929715433313202
  },
  "minnesota": {
    "count": 3,
    "average_seconds": 1.3346043000152956
  },
  "missouri": {
    "count": 3,
    "average_seconds": 28.889373666684453
  },
  "mississippi": {
    "count": 5,
    "average_seconds": 4.7697841200046245
  },
  "montana": {
    "count": 3,
    "average_seconds": 7.782447733334266
  },
  "north carolina": {
    "count": 3,
    "average_seconds": 33.340423399970554
  },
  "north dakota": {
    "count": 3,
    "average_seconds": 8.123214433318935
  },
  "new hampshire": {
    "count": 3,
    "average_seconds": 5.713533833351296
  },
  "new jersey": {
    "count": 3,
    "average_seconds": 37.38529333336434
  },
  "new mexico": {
    "count": 3,
    "average_seconds": 0.5692936666697884
  },
  "nevada": {
    "count": 3,
    "average_seconds": 17.307281566706177
  },
  "new york": {
    "count": 3,
    "average_seconds": 0.3717745667478691
  },
  "ohio": {
    "count": 5,
    "average_seconds": 3.7663734800182285
  },
  "pennsylvania": {
    "count": 3,
    "average_seconds": 30.895527333331604
  },
  "south carolina": {
    "count": 3,
    "average_seconds": 1.74274626665283
  },
  "texas": {
    "count": 4,
    "average_seconds": 64.6674329500529
  },
  "virginia": {
    "count": 3,
    "average_seconds": 19.176821733359247
  },
  "vermont": {
    "count": 3,
    "average_seconds": 6.5797281333555775
  },
  "washington": {
    "count": 3,
    "average_seconds": 54.697350299994774
  },
  "wisconsin": {
    "count": 3,
    "average_seconds": 20.505562833316315
  },
  "west virginia": {
    "count": 3,
    "average_seconds": 26.663516933331266
  }
}